Sample_ID,District,Soil_Type,Canal_Access,Soil_pH,Moisture_%,Rainfall_mm,Recommended_Irrigation_Liters
1,Khairpur,Peaty,Yes,8.29,24.54,142,598.9
2,Sukkur,Clay,Yes,5.73,18.88,15,818.9
3,Mardan,Clay,Yes,6.16,22.03,137,574.7
4,Mardan,Sandy,Yes,6.65,32.38,172,32.7
5,DI Khan,Loamy,No,7.24,29.71,194,102.9
6,Multan,Silty,Yes,7.73,29.66,17,391.8
7,Swat,Loamy,No,8.35,9.81,121,662.3
8,Multan,Loamy,Yes,8.1,26.87,33,407.7
9,Mardan,Peaty,Yes,7.66,15.39,7,853.8
10,Swat,Peaty,No,7.49,20.72,164,627.3
11,Multan,Silty,Yes,6.26,26.32,24,429.6
12,Swat,Peaty,No,6.67,11.54,103,820.2
13,Swat,Clay,No,6.69,27.47,67,562.8
14,Bahawalpur,Clay,Yes,7.83,33.1,72,373.5
15,DI Khan,Sandy,No,6.18,6.95,48,462.7
16,Mardan,Silty,Yes,5.58,15.0,181,448.7
17,Mardan,Peaty,Yes,6.92,17.0,126,592.5
18,Mardan,Loamy,Yes,7.44,13.8,180,326.6
19,Bahawalpur,Sandy,Yes,6.88,19.73,28,265.3
20,Khairpur,Silty,Yes,6.39,23.78,11,447.6
21,DI Khan,Silty,No,6.1,23.52,94,503.8
22,DI Khan,Clay,No,8.2,13.97,4,979.5
23,Charsadda,Silty,Yes,8.01,24.79,181,272.0
24,Khairpur,Peaty,Yes,5.99,22.23,186,490.5
25,Sukkur,Silty,Yes,6.2,6.37,134,592.5
26,Sukkur,Clay,Yes,7.65,30.55,129,379.4
27,Sukkur,Sandy,Yes,7.08,28.14,29,170.4
28,DI Khan,Peaty,No,6.7,20.07,56,770.3
29,Charsadda,Silty,Yes,6.31,17.9,176,346.4
30,Khairpur,Silty,Yes,5.75,13.67,62,625.8
31,Multan,Clay,Yes,7.76,9.84,12,930.0
32,Swat,Silty,No,8.0,25.09,110,471.7
33,Sukkur,Sandy,Yes,6.95,21.69,153,77.6
34,Multan,Loamy,Yes,6.23,8.17,110,498.9
35,Swat,Sandy,No,5.69,7.44,179,389.8
36,Mardan,Sandy,Yes,8.46,13.41,42,418.0
37,Multan,Loamy,Yes,5.79,25.39,68,377.5
38,Multan,Silty,Yes,7.49,7.76,82,560.5
39,Charsadda,Silty,Yes,7.34,8.91,99,533.3
40,Sukkur,Loamy,Yes,7.21,18.83,9,469.3
41,Mardan,Silty,Yes,7.54,6.28,85,688.3
42,Khairpur,Sandy,Yes,7.66,9.08,153,274.1
43,Khairpur,Peaty,Yes,6.76,26.76,68,546.9
44,Swat,Peaty,No,6.88,29.54,134,449.2
45,Khairpur,Silty,Yes,5.59,24.91,33,466.7
46,Bahawalpur,Clay,Yes,6.47,29.86,195,275.1
47,Multan,Silty,Yes,6.93,27.65,198,113.5
48,Bahawalpur,Silty,Yes,6.65,9.11,154,531.9
49,Bahawalpur,Clay,Yes,6.54,23.84,87,564.2
50,Bahawalpur,Silty,Yes,6.52,13.56,18,564.3
51,Charsadda,Silty,Yes,8.27,8.76,133,630.0
52,Mardan,Sandy,Yes,7.54,34.41,115,34.3
53,Khairpur,Silty,Yes,7.88,7.95,159,536.7
54,Sukkur,Silty,Yes,5.71,30.56,125,292.5
55,Multan,Sandy,Yes,5.79,24.22,182,120.7
56,Charsadda,Peaty,Yes,7.71,21.35,112,663.9
57,Multan,Silty,Yes,6.28,30.72,41,328.5
58,Mardan,Loamy,Yes,7.38,28.34,121,176.4
59,Swat,Clay,No,7.43,34.78,164,289.1
60,Multan,Silty,Yes,6.76,31.82,167,115.0
61,Charsadda,Sandy,Yes,5.62,6.84,192,297.4
62,DI Khan,Clay,No,7.22,24.6,166,460.2
63,Bahawalpur,Peaty,Yes,7.22,10.97,163,653.7
64,Mardan,Loamy,Yes,8.1,7.91,152,471.1
65,Sukkur,Peaty,Yes,6.42,11.38,61,910.3
66,DI Khan,Clay,No,8.46,18.16,130,817.7
67,Bahawalpur,Silty,Yes,5.65,33.76,35,360.8
68,Bahawalpur,Loamy,Yes,7.91,8.99,38,672.0
69,Khairpur,Silty,Yes,8.16,13.65,132,542.7
70,Swat,Peaty,No,5.85,33.02,127,478.1
71,Swat,Peaty,No,8.23,10.77,122,931.8
72,Sukkur,Loamy,Yes,6.93,33.45,170,32.8
73,Charsadda,Silty,Yes,6.71,33.42,8,309.5
74,Charsadda,Silty,Yes,7.8,17.75,103,518.3
75,Khairpur,Silty,Yes,5.52,12.5,123,498.1
76,Khairpur,Clay,Yes,6.48,34.4,68,392.0
77,DI Khan,Silty,No,8.36,6.3,176,668.7
78,Sukkur,Peaty,Yes,6.44,12.9,17,884.2
79,Sukkur,Clay,Yes,8.13,25.85,69,601.4
80,Sukkur,Loamy,Yes,8.45,10.92,145,443.6
81,Sukkur,Silty,Yes,6.51,25.74,175,214.4
82,DI Khan,Peaty,No,5.63,15.93,55,945.4
83,DI Khan,Sandy,No,7.2,31.6,81,155.7
84,Charsadda,Sandy,Yes,6.8,27.18,169,29.1
85,Multan,Silty,Yes,7.34,33.73,16,284.0
86,Swat,Loamy,No,6.04,33.45,153,165.3
87,Sukkur,Sandy,Yes,7.78,23.1,58,275.2
88,Mardan,Sandy,Yes,7.32,18.36,12,342.7
89,Sukkur,Sandy,Yes,7.88,9.48,68,392.8
90,Bahawalpur,Clay,Yes,5.59,5.79,68,1057.5
91,Multan,Peaty,Yes,6.69,11.84,36,875.4
92,Sukkur,Silty,Yes,8.24,20.83,17,618.5
93,Multan,Sandy,Yes,7.56,23.87,1,299.3
94,Sukkur,Loamy,Yes,8.0,30.96,0,358.4
95,Multan,Clay,Yes,8.45,5.48,4,1098.8
96,Charsadda,Clay,Yes,6.6,22.49,200,379.7
97,Swat,Loamy,No,6.69,28.73,92,272.9
98,Multan,Sandy,Yes,8.45,23.6,116,238.2
99,Charsadda,Clay,Yes,5.86,23.34,132,561.2
100,Charsadda,Silty,Yes,6.12,7.53,175,536.1
101,Mardan,Loamy,Yes,8.34,12.1,149,430.5
102,Mardan,Silty,Yes,6.29,20.52,12,534.9
103,Bahawalpur,Clay,Yes,6.41,18.76,158,555.0
104,Swat,Loamy,No,5.96,18.07,51,524.6
105,Sukkur,Loamy,Yes,5.56,15.04,44,576.8
106,Charsadda,Peaty,Yes,6.51,7.25,148,832.1
107,Mardan,Peaty,Yes,7.9,26.64,191,489.9
108,Charsadda,Loamy,Yes,6.0,24.41,102,324.4
109,Swat,Silty,No,6.82,10.26,83,635.5
110,Sukkur,Silty,Yes,5.5,33.89,25,386.0
111,Khairpur,Peaty,Yes,7.42,20.18,189,456.6
112,Mardan,Loamy,Yes,7.92,22.89,14,459.1
113,Khairpur,Loamy,Yes,8.12,31.64,49,298.7
114,Multan,Clay,Yes,7.94,18.69,147,705.9
115,Charsadda,Peaty,Yes,5.68,11.2,190,748.5
116,Multan,Sandy,Yes,6.61,33.35,135,30.5
117,Swat,Peaty,No,5.78,34.03,159,439.7
118,Sukkur,Silty,Yes,6.03,21.81,30,489.4
119,Mardan,Clay,Yes,6.79,7.68,114,871.6
120,Khairpur,Loamy,Yes,6.1,14.96,192,342.6
121,DI Khan,Sandy,No,6.94,12.89,49,399.1
122,Mardan,Peaty,Yes,7.22,24.11,136,474.1
123,Mardan,Sandy,Yes,5.71,26.41,57,294.7
124,Swat,Silty,No,5.53,16.36,166,483.7
125,Mardan,Silty,Yes,8.19,28.43,71,396.3
126,Swat,Loamy,No,7.26,18.03,166,362.7
127,Khairpur,Sandy,Yes,7.52,19.89,21,305.3
128,Multan,Silty,Yes,5.86,8.01,66,687.8
129,Multan,Peaty,Yes,8.14,20.92,100,696.2
130,Khairpur,Sandy,Yes,5.96,25.4,131,152.1
131,Khairpur,Peaty,Yes,6.01,29.5,199,349.6
132,DI Khan,Silty,No,7.59,31.08,42,388.6
133,Swat,Peaty,No,8.05,10.05,172,785.3
134,Sukkur,Clay,Yes,7.03,34.78,194,149.6
135,Mardan,Loamy,Yes,7.29,30.84,39,235.2
136,Sukkur,Silty,Yes,7.44,28.59,17,424.5
137,DI Khan,Silty,No,6.62,32.3,133,210.8
138,Sukkur,Sandy,Yes,7.64,14.8,15,392.1
139,Bahawalpur,Silty,Yes,6.99,16.12,162,363.1
140,Mardan,Sandy,Yes,6.12,31.01,62,164.2
141,Multan,Loamy,Yes,7.6,13.82,150,381.8
142,Charsadda,Sandy,Yes,6.04,25.84,198,55.0
143,Bahawalpur,Silty,Yes,8.01,29.68,0,403.0
144,Sukkur,Silty,Yes,8.25,26.25,135,337.2
145,DI Khan,Peaty,No,6.27,34.08,52,554.0
146,Sukkur,Peaty,Yes,8.17,6.37,31,1102.6
147,Multan,Clay,Yes,6.7,16.15,34,709.5
148,Bahawalpur,Sandy,Yes,6.9,8.48,124,246.9
149,Swat,Peaty,No,6.22,26.98,66,678.8
150,Sukkur,Silty,Yes,7.84,29.0,69,351.1
151,DI Khan,Loamy,No,6.84,14.37,141,407.5
152,Charsadda,Clay,Yes,6.72,27.83,39,534.9
153,Bahawalpur,Clay,Yes,7.55,23.8,195,393.8
154,Mardan,Peaty,Yes,8.06,20.03,182,594.2
155,DI Khan,Clay,No,6.6,9.62,160,803.5
156,Swat,Silty,No,6.96,21.42,128,355.7
157,Charsadda,Sandy,Yes,8.22,10.92,42,508.0
158,Sukkur,Silty,Yes,6.93,28.84,49,315.0
159,DI Khan,Peaty,No,6.64,26.51,179,437.0
160,DI Khan,Sandy,No,7.17,20.58,122,212.2
161,Khairpur,Loamy,Yes,6.99,27.14,99,183.8
162,Multan,Sandy,Yes,7.67,30.69,152,37.6
163,Swat,Clay,No,7.83,16.8,132,774.2
164,Sukkur,Silty,Yes,5.53,28.6,155,273.5
165,Sukkur,Sandy,Yes,6.74,13.05,167,182.0
166,Khairpur,Sandy,Yes,5.64,15.72,19,460.0
167,Multan,Peaty,Yes,7.37,8.52,125,850.9
168,Khairpur,Peaty,Yes,8.12,30.46,121,544.8
169,Bahawalpur,Peaty,Yes,8.3,7.1,179,832.2
170,Charsadda,Loamy,Yes,6.13,19.75,177,261.8
171,Mardan,Peaty,Yes,6.83,12.14,81,747.3
172,Mardan,Silty,Yes,7.15,29.18,67,269.0
173,Mardan,Loamy,Yes,8.1,5.3,61,671.0
174,Khairpur,Clay,Yes,8.17,8.09,83,956.5
175,Sukkur,Peaty,Yes,6.01,26.27,41,675.9
176,Swat,Clay,No,6.67,9.18,146,852.0
177,Bahawalpur,Loamy,Yes,5.94,29.15,22,367.6
178,Mardan,Clay,Yes,7.82,23.67,158,531.9
179,DI Khan,Sandy,No,8.01,23.21,79,306.1
180,Swat,Peaty,No,6.59,25.93,71,740.7
181,Charsadda,Clay,Yes,7.04,19.84,184,476.4
182,Multan,Sandy,Yes,6.75,24.03,46,208.5
183,Mardan,Silty,Yes,8.33,13.47,0,687.0
184,Bahawalpur,Clay,Yes,6.99,27.02,71,484.7
185,Charsadda,Silty,Yes,7.18,7.97,162,485.3
186,Charsadda,Sandy,Yes,7.09,28.16,102,85.0
187,Bahawalpur,Sandy,Yes,5.58,7.82,13,565.2
188,DI Khan,Loamy,No,6.22,31.16,28,362.0
189,Khairpur,Silty,Yes,5.96,9.64,104,592.1
190,Bahawalpur,Silty,Yes,7.71,12.12,16,616.0
191,Charsadda,Clay,Yes,6.7,14.66,121,656.3
192,Mardan,Clay,Yes,6.48,8.16,154,818.0
193,Swat,Peaty,No,6.61,12.07,162,766.8
194,Charsadda,Loamy,Yes,8.06,6.45,100,553.9
195,Khairpur,Loamy,Yes,6.72,12.7,153,364.2
196,Mardan,Silty,Yes,7.47,29.57,65,315.3
197,Bahawalpur,Loamy,Yes,7.94,29.68,6,351.3
198,Swat,Silty,No,7.99,17.88,28,659.9
199,Multan,Clay,Yes,5.66,30.41,116,461.6
200,DI Khan,Clay,No,8.09,28.46,171,428.0
201,Swat,Peaty,No,8.38,9.12,42,1090.2
202,Bahawalpur,Silty,Yes,5.5,16.87,91,586.8
203,Charsadda,Peaty,Yes,7.39,10.98,5,997.3
204,Sukkur,Silty,Yes,5.69,30.68,71,380.2
205,Sukkur,Sandy,Yes,7.64,5.48,74,385.0
206,Bahawalpur,Silty,Yes,7.54,13.06,85,519.7
207,Sukkur,Peaty,Yes,7.97,34.85,181,322.3
208,DI Khan,Peaty,No,7.76,34.51,9,619.1
209,Charsadda,Clay,Yes,7.47,22.13,100,587.3
210,Charsadda,Loamy,Yes,8.0,9.61,119,639.3
211,Mardan,Silty,Yes,6.5,25.37,119,312.8
212,DI Khan,Silty,No,6.58,11.93,12,769.2
213,Bahawalpur,Peaty,Yes,6.93,5.22,182,807.2
214,Sukkur,Sandy,Yes,8.02,7.47,65,462.0
215,Charsadda,Peaty,Yes,6.6,27.32,130,459.4
216,Mardan,Peaty,Yes,8.05,30.18,62,596.4
217,Swat,Sandy,No,8.13,25.56,25,354.3
218,Khairpur,Clay,Yes,6.76,7.36,105,825.5
219,Khairpur,Clay,Yes,5.6,17.24,65,776.9
220,Mardan,Sandy,Yes,6.64,11.08,31,395.1
221,Swat,Sandy,No,6.15,8.07,185,358.4
222,Bahawalpur,Clay,Yes,6.99,16.29,43,643.7
223,Khairpur,Loamy,Yes,7.75,9.93,67,588.0
224,DI Khan,Sandy,No,7.79,23.48,93,242.6
225,Khairpur,Silty,Yes,8.15,23.47,34,495.9
226,DI Khan,Peaty,No,6.11,22.27,111,734.9
227,Charsadda,Clay,Yes,7.79,27.19,64,549.8
228,Swat,Loamy,No,8.02,34.93,141,159.4
229,Swat,Clay,No,8.11,16.79,56,819.0
230,Mardan,Clay,Yes,6.69,6.52,7,1038.4
231,Bahawalpur,Peaty,Yes,5.52,8.48,56,964.0
232,Swat,Sandy,No,5.84,25.29,136,224.7
233,Multan,Clay,Yes,8.44,31.13,33,572.4
234,Multan,Peaty,Yes,7.63,30.92,168,356.4
235,Khairpur,Sandy,Yes,7.11,21.86,12,314.5
236,Khairpur,Peaty,Yes,8.48,34.61,52,564.1
237,Mardan,Peaty,Yes,7.74,28.15,129,426.3
238,Multan,Loamy,Yes,8.14,14.25,140,437.7
239,Mardan,Silty,Yes,7.59,24.65,47,406.1
240,Khairpur,Peaty,Yes,5.72,9.94,134,898.4
241,Sukkur,Peaty,Yes,8.16,9.55,84,877.1
242,Charsadda,Sandy,Yes,8.36,9.41,106,393.8
243,Bahawalpur,Silty,Yes,7.2,10.08,78,595.0
244,Sukkur,Loamy,Yes,6.28,31.77,128,156.8
245,Multan,Clay,Yes,7.95,20.73,68,636.3
246,Mardan,Sandy,Yes,8.1,5.88,72,450.3
247,Bahawalpur,Loamy,Yes,7.29,22.16,200,149.3
248,Khairpur,Loamy,Yes,6.96,22.19,174,160.6
249,Bahawalpur,Peaty,Yes,8.37,17.29,83,886.8
250,Sukkur,Loamy,Yes,7.09,33.95,41,185.9
251,Mardan,Clay,Yes,6.14,12.45,17,845.4
252,Charsadda,Peaty,Yes,6.0,11.76,126,852.4
253,Sukkur,Loamy,Yes,7.78,27.04,61,359.8
254,Charsadda,Loamy,Yes,6.92,19.1,94,349.5
255,Bahawalpur,Clay,Yes,6.18,8.8,10,903.2
256,Khairpur,Loamy,Yes,6.53,10.58,195,340.4
257,Bahawalpur,Clay,Yes,5.89,25.5,197,456.3
258,Mardan,Loamy,Yes,8.29,13.9,60,539.7
259,Bahawalpur,Clay,Yes,7.86,17.9,182,589.9
260,Charsadda,Peaty,Yes,6.87,34.18,115,357.3
261,Multan,Sandy,Yes,7.32,6.49,91,336.2
262,Charsadda,Loamy,Yes,6.09,31.1,184,97.5
263,Swat,Sandy,No,7.5,30.85,156,59.0
264,DI Khan,Peaty,No,6.87,19.92,119,612.4
265,Swat,Sandy,No,7.47,34.19,167,29.5
266,DI Khan,Clay,No,8.22,20.54,55,732.7
267,Charsadda,Sandy,Yes,5.69,17.92,92,349.1
268,Bahawalpur,Loamy,Yes,7.51,26.24,30,320.2
269,Sukkur,Clay,Yes,7.81,17.45,136,626.5
270,Sukkur,Sandy,Yes,7.51,11.06,20,425.6
271,Swat,Loamy,No,7.39,8.25,166,520.4
272,Multan,Peaty,Yes,6.21,30.57,23,543.4
273,Mardan,Sandy,Yes,6.94,25.39,56,185.8
274,Bahawalpur,Silty,Yes,6.43,5.9,117,623.5
275,Swat,Peaty,No,7.5,26.36,97,565.3
276,Sukkur,Sandy,Yes,7.32,11.44,151,223.6
277,Swat,Sandy,No,6.8,27.93,23,267.7
278,Mardan,Sandy,Yes,8.08,20.89,182,133.6
279,Swat,Loamy,No,7.07,15.93,78,460.1
280,DI Khan,Peaty,No,7.03,21.26,31,725.5
281,Bahawalpur,Loamy,Yes,7.23,9.45,59,540.0
282,Sukkur,Clay,Yes,5.59,30.68,37,594.2
283,DI Khan,Loamy,No,8.24,10.44,143,607.6
284,Khairpur,Peaty,Yes,7.31,11.89,120,696.0
285,Swat,Clay,No,7.02,9.25,45,1042.0
286,Charsadda,Sandy,Yes,8.34,32.81,13,236.2
287,Mardan,Loamy,Yes,8.33,5.11,102,634.4
288,Multan,Loamy,Yes,6.24,24.89,13,431.6
289,DI Khan,Silty,No,7.64,21.17,10,604.9
290,Khairpur,Sandy,Yes,6.73,5.66,80,362.0
291,Sukkur,Clay,Yes,8.1,5.8,102,938.3
292,Charsadda,Loamy,Yes,7.5,15.01,112,391.1
293,Khairpur,Clay,Yes,6.2,19.9,86,640.1
294,Mardan,Silty,Yes,6.72,28.83,142,205.1
295,Bahawalpur,Sandy,Yes,6.7,24.97,196,30.6
296,Khairpur,Clay,Yes,6.14,11.09,19,900.0
297,Sukkur,Sandy,Yes,7.46,9.68,48,415.0
298,Sukkur,Clay,Yes,6.57,34.5,101,323.2
299,Sukkur,Peaty,Yes,6.61,14.04,178,670.4
300,Multan,Peaty,Yes,6.4,11.77,180,722.4
301,Bahawalpur,Peaty,Yes,6.85,14.26,167,597.7
302,Charsadda,Peaty,Yes,7.6,34.15,90,405.2
303,DI Khan,Silty,No,7.41,30.77,198,164.4
304,Multan,Peaty,Yes,6.41,19.4,150,621.9
305,Multan,Peaty,Yes,6.82,27.58,180,373.3
306,Khairpur,Loamy,Yes,7.39,33.62,193,30.2
307,Sukkur,Silty,Yes,8.32,26.68,31,515.2
308,Charsadda,Sandy,Yes,8.32,7.23,112,394.0
309,Khairpur,Clay,Yes,6.47,30.83,173,308.7
310,Mardan,Peaty,Yes,5.75,15.54,125,754.5
311,DI Khan,Peaty,No,7.84,22.52,76,720.3
312,Multan,Loamy,Yes,7.94,19.88,186,283.5
313,Bahawalpur,Clay,Yes,7.99,21.03,8,805.3
314,Charsadda,Loamy,Yes,8.16,10.84,16,691.6
315,Mardan,Clay,Yes,6.68,33.25,109,346.4
316,Swat,Sandy,No,6.78,23.15,195,78.2
317,Khairpur,Silty,Yes,6.85,32.81,127,146.5
318,Bahawalpur,Silty,Yes,7.9,28.89,135,254.9
319,DI Khan,Loamy,No,7.47,11.62,128,498.3
320,DI Khan,Clay,No,5.94,33.19,87,476.1
321,DI Khan,Clay,No,7.58,25.08,87,602.3
322,Charsadda,Silty,Yes,6.0,12.08,175,498.9
323,Sukkur,Sandy,Yes,7.41,20.24,15,303.6
324,Mardan,Silty,Yes,5.76,19.62,80,580.4
325,Sukkur,Sandy,Yes,7.09,13.07,60,287.8
326,Charsadda,Clay,Yes,7.19,26.48,54,483.9
327,Charsadda,Sandy,Yes,8.44,9.3,78,475.0
328,Multan,Clay,Yes,6.04,15.6,134,729.9
329,Mardan,Silty,Yes,8.3,10.12,33,766.5
330,Khairpur,Clay,Yes,5.58,13.21,32,963.8
331,Swat,Silty,No,7.66,5.79,93,726.0
332,Khairpur,Loamy,Yes,7.44,17.19,31,452.6
333,Charsadda,Silty,Yes,6.8,31.36,192,77.8
334,Multan,Silty,Yes,5.55,22.74,20,545.6
335,Mardan,Clay,Yes,8.21,13.37,2,1004.2
336,Sukkur,Silty,Yes,5.79,11.34,60,667.5
337,Bahawalpur,Sandy,Yes,6.49,13.4,86,289.0
338,Swat,Clay,No,8.3,30.03,10,659.4
339,DI Khan,Loamy,No,6.6,19.95,117,382.2
340,Khairpur,Loamy,Yes,5.6,5.81,80,644.3
341,Multan,Sandy,Yes,5.8,24.06,180,111.6
342,Multan,Clay,Yes,5.72,28.01,75,568.2
343,Charsadda,Clay,Yes,6.77,12.0,175,655.2
344,Swat,Clay,No,6.99,15.43,45,775.0
345,Khairpur,Loamy,Yes,6.76,11.17,131,399.0
346,DI Khan,Silty,No,8.0,32.36,68,372.2
347,Khairpur,Peaty,Yes,8.31,19.51,196,546.3
348,Multan,Loamy,Yes,7.51,32.62,152,76.7
349,Mardan,Clay,Yes,7.7,7.64,56,901.2
350,Sukkur,Sandy,Yes,7.11,29.59,23,175.9
351,Mardan,Silty,Yes,5.83,6.76,144,637.2
352,Sukkur,Silty,Yes,8.41,33.86,187,166.9
353,Bahawalpur,Clay,Yes,8.12,15.18,166,709.5
354,Swat,Clay,No,6.58,21.89,39,708.5
355,Charsadda,Loamy,Yes,6.86,11.87,143,373.9
356,Sukkur,Peaty,Yes,8.48,24.71,52,678.2
357,Charsadda,Sandy,Yes,6.8,24.64,88,149.6
358,DI Khan,Peaty,No,8.28,25.87,99,665.2
359,Khairpur,Silty,Yes,6.55,23.6,106,351.2
360,Multan,Sandy,Yes,5.93,24.99,176,96.0
361,Bahawalpur,Loamy,Yes,7.36,24.4,34,370.0
362,Mardan,Peaty,Yes,8.13,8.62,91,1010.2
363,Bahawalpur,Sandy,Yes,8.3,33.94,91,141.3
364,Swat,Loamy,No,5.6,9.63,183,538.0
365,DI Khan,Clay,No,8.2,6.8,56,1107.6
366,Swat,Loamy,No,8.17,13.04,89,571.0
367,Multan,Sandy,Yes,5.61,19.34,166,208.7
368,Multan,Clay,Yes,7.31,18.3,15,751.5
369,Multan,Sandy,Yes,6.12,23.01,107,203.5
370,Sukkur,Loamy,Yes,8.27,5.05,182,499.5
371,Sukkur,Peaty,Yes,6.87,15.07,37,795.8
372,Bahawalpur,Clay,Yes,8.48,7.33,166,890.0
373,Swat,Clay,No,7.7,16.05,52,912.3
374,Sukkur,Sandy,Yes,6.51,19.8,115,202.3
375,Bahawalpur,Peaty,Yes,5.81,29.22,167,511.9
376,Multan,Clay,Yes,6.64,33.68,13,429.9
377,Khairpur,Clay,Yes,8.44,13.73,157,784.2
378,Khairpur,Loamy,Yes,8.49,10.39,110,570.5
379,Swat,Loamy,No,7.1,29.23,44,349.5
380,Multan,Silty,Yes,7.07,15.08,122,403.6
381,DI Khan,Loamy,No,6.73,32.21,155,117.9
382,DI Khan,Sandy,No,8.26,22.85,90,310.5
383,Charsadda,Clay,Yes,8.28,9.23,80,810.3
384,Sukkur,Clay,Yes,7.75,24.78,10,646.8
385,DI Khan,Silty,No,5.8,28.18,30,482.1
386,Swat,Loamy,No,6.96,27.46,117,230.0
387,Mardan,Silty,Yes,8.31,6.17,48,798.0
388,DI Khan,Sandy,No,7.25,13.23,1,513.5
389,Bahawalpur,Loamy,Yes,6.17,22.94,101,348.0
390,Khairpur,Sandy,Yes,6.61,23.48,49,226.1
391,Multan,Silty,Yes,6.19,10.96,74,590.3
392,DI Khan,Peaty,No,6.08,12.25,177,803.5
393,Sukkur,Silty,Yes,7.47,5.54,14,703.5
394,Charsadda,Loamy,Yes,7.11,30.47,35,270.6
395,Khairpur,Silty,Yes,7.23,25.72,60,380.3
396,Multan,Clay,Yes,8.37,29.47,128,451.6
397,DI Khan,Sandy,No,5.61,31.12,92,215.3
398,Swat,Peaty,No,8.16,8.93,136,993.9
399,Khairpur,Peaty,Yes,8.39,26.45,144,549.6
400,Multan,Peaty,Yes,5.94,7.35,145,930.4
401,Mardan,Silty,Yes,6.16,12.42,175,417.7
402,Swat,Loamy,No,6.81,18.96,194,251.7
403,Swat,Silty,No,6.73,11.8,107,575.9
404,Sukkur,Loamy,Yes,7.48,16.58,97,399.8
405,Swat,Sandy,No,6.6,8.43,23,483.6
406,Sukkur,Peaty,Yes,6.7,25.4,45,635.7
407,Multan,Silty,Yes,5.67,16.51,192,390.0
408,Swat,Peaty,No,8.01,5.57,177,901.1
409,Sukkur,Peaty,Yes,5.94,6.24,37,1044.8
410,Bahawalpur,Silty,Yes,5.8,31.2,128,267.6
411,Bahawalpur,Sandy,Yes,8.41,17.78,32,430.1
412,Charsadda,Peaty,Yes,8.18,32.91,91,459.2
413,Sukkur,Peaty,Yes,7.6,5.76,165,749.4
414,Charsadda,Loamy,Yes,8.15,24.28,144,299.0
415,DI Khan,Silty,No,7.83,10.26,139,618.0
416,Swat,Sandy,No,6.73,14.63,21,401.1
417,Khairpur,Loamy,Yes,7.72,30.26,10,368.3
418,Khairpur,Loamy,Yes,7.21,20.05,190,193.5
419,Swat,Sandy,No,8.47,25.74,163,221.6
420,Charsadda,Silty,Yes,6.1,34.55,26,323.1
421,Khairpur,Silty,Yes,6.92,22.46,171,267.9
422,Khairpur,Silty,Yes,6.53,28.46,61,366.5
423,Mardan,Silty,Yes,8.09,24.34,57,452.0
424,Swat,Peaty,No,7.71,26.4,138,594.2
425,Mardan,Loamy,Yes,8.44,28.7,139,254.0
426,DI Khan,Clay,No,5.54,34.72,51,579.6
427,Multan,Silty,Yes,6.9,15.99,59,471.6
428,Khairpur,Clay,Yes,7.51,10.01,169,748.7
429,DI Khan,Sandy,No,8.07,32.59,78,228.2
430,Swat,Loamy,No,8.08,6.27,155,524.3
431,DI Khan,Loamy,No,7.26,8.15,71,559.0
432,Khairpur,Peaty,Yes,8.13,5.78,146,789.2
433,Khairpur,Sandy,Yes,6.33,20.02,114,203.1
434,Charsadda,Sandy,Yes,7.74,18.89,74,293.3
435,Bahawalpur,Loamy,Yes,6.51,32.39,42,261.0
436,Multan,Loamy,Yes,7.91,25.85,125,260.3
437,Bahawalpur,Clay,Yes,7.93,13.19,151,788.7
438,Multan,Silty,Yes,7.8,15.04,192,360.1
439,Swat,Peaty,No,7.06,30.34,145,379.1
440,Sukkur,Loamy,Yes,5.66,17.81,22,560.8
441,Swat,Loamy,No,7.47,32.0,143,165.8
442,Multan,Clay,Yes,6.87,9.52,77,821.9
443,DI Khan,Silty,No,5.85,29.12,81,362.8
444,Swat,Silty,No,5.54,14.78,175,537.0
445,Khairpur,Sandy,Yes,7.35,31.84,78,90.4
446,DI Khan,Peaty,No,7.04,7.14,72,978.1
447,Bahawalpur,Silty,Yes,6.15,26.91,37,433.5
448,Swat,Loamy,No,5.54,34.93,189,134.8
449,Multan,Loamy,Yes,6.31,5.89,19,666.0
450,Multan,Sandy,Yes,6.05,6.75,95,378.6
451,Charsadda,Silty,Yes,6.28,26.7,178,217.6
452,Sukkur,Silty,Yes,5.85,10.25,86,686.3
453,Charsadda,Silty,Yes,7.94,14.58,143,452.7
454,Khairpur,Loamy,Yes,6.03,34.99,89,183.2
455,Mardan,Peaty,Yes,7.4,18.89,159,560.9
456,DI Khan,Sandy,No,5.7,22.31,39,383.8
457,Swat,Clay,No,7.68,34.41,186,280.8
458,Charsadda,Loamy,Yes,7.74,27.01,57,301.7
459,Bahawalpur,Sandy,Yes,6.06,26.39,111,159.4
460,Multan,Silty,Yes,6.76,29.69,184,110.4
461,Multan,Sandy,Yes,7.66,18.67,43,357.5
462,Bahawalpur,Silty,Yes,5.7,19.15,80,529.7
463,Swat,Sandy,No,6.57,24.73,0,337.9
464,Swat,Sandy,No,6.46,13.83,71,388.0
465,Bahawalpur,Peaty,Yes,8.14,6.45,126,909.9
466,Khairpur,Clay,Yes,6.53,15.94,115,663.6
467,Charsadda,Sandy,Yes,8.2,15.81,200,186.7
468,Charsadda,Sandy,Yes,7.16,6.75,83,365.9
469,Multan,Clay,Yes,6.41,22.83,142,491.5
470,Charsadda,Loamy,Yes,7.82,30.58,64,256.3
471,Khairpur,Sandy,Yes,8.3,5.34,78,467.2
472,Charsadda,Clay,Yes,6.94,17.33,12,648.1
473,Swat,Loamy,No,7.24,10.8,16,579.3
474,Multan,Loamy,Yes,7.19,32.14,58,209.7
475,Sukkur,Loamy,Yes,6.63,17.59,26,519.7
476,Swat,Silty,No,8.46,17.75,141,531.9
477,DI Khan,Clay,No,6.97,18.69,151,607.8
478,Sukkur,Loamy,Yes,8.22,29.65,79,299.9
479,Multan,Loamy,Yes,7.36,10.0,16,710.8
480,Khairpur,Sandy,Yes,5.58,20.89,166,204.5
481,Mardan,Silty,Yes,7.48,31.76,21,333.1
482,Charsadda,Peaty,Yes,6.68,12.88,178,616.3
483,Mardan,Loamy,Yes,5.59,20.42,107,371.2
484,Bahawalpur,Sandy,Yes,7.73,28.2,30,242.4
485,Mardan,Loamy,Yes,8.11,33.85,148,119.3
486,Multan,Loamy,Yes,6.65,12.26,117,387.6
487,Charsadda,Loamy,Yes,7.35,29.4,154,110.4
488,Charsadda,Clay,Yes,8.42,24.92,42,636.4
489,Bahawalpur,Sandy,Yes,7.05,11.65,66,341.3
490,Sukkur,Clay,Yes,8.21,28.95,59,586.8
491,Bahawalpur,Peaty,Yes,7.36,25.32,92,553.6
492,Charsadda,Peaty,Yes,5.93,19.29,57,844.1
493,Mardan,Silty,Yes,5.76,15.7,97,557.2
494,Sukkur,Silty,Yes,7.06,20.86,24,443.9
495,Multan,Sandy,Yes,5.73,28.12,197,60.2
496,Sukkur,Loamy,Yes,6.91,13.85,182,294.8
497,Bahawalpur,Clay,Yes,6.35,10.97,176,659.0
498,Charsadda,Peaty,Yes,6.36,32.62,10,556.0
499,Sukkur,Sandy,Yes,7.44,22.22,199,40.3
500,Bahawalpur,Clay,Yes,6.06,28.44,121,418.5
1000,Lahore,Loamy,Yes,7.59,34.34,107,124.6
1001,Lahore,Loamy,Yes,6.72,13.05,99,430.9
1002,Lahore,Loamy,Yes,7.36,16.43,13,526.0
1003,Lahore,Loamy,Yes,7.18,11.4,90,452.0
1004,Lahore,Loamy,Yes,7.19,11.91,109,429.0
1005,Lahore,Loamy,Yes,7.58,25.07,93,288.6
1006,Lahore,Loamy,Yes,6.98,16.17,95,334.4
1007,Lahore,Loamy,Yes,7.37,28.06,62,259.0
1008,Lahore,Loamy,Yes,6.42,18.59,70,428.7
1009,Lahore,Loamy,Yes,6.58,18.77,143,322.0
1010,Lahore,Loamy,Yes,7.29,10.41,148,398.4
1011,Lahore,Loamy,Yes,6.4,24.03,104,256.8
1012,Lahore,Loamy,Yes,7.09,20.73,139,234.9
1013,Lahore,Loamy,Yes,7.04,6.59,61,567.8
1014,Lahore,Loamy,Yes,6.5,33.95,189,30.9
1015,Lahore,Loamy,Yes,6.97,30.24,26,270.8
1016,Lahore,Loamy,Yes,6.87,27.26,97,183.3
1017,Lahore,Loamy,Yes,6.87,14.73,60,422.9
1018,Lahore,Loamy,Yes,6.89,18.44,154,239.5
1019,Lahore,Loamy,Yes,7.04,18.82,155,265.4
1020,Lahore,Loamy,Yes,7.12,29.01,187,56.2
1021,Lahore,Loamy,Yes,6.93,28.9,143,100.6
1022,Lahore,Loamy,Yes,7.15,7.08,71,517.5
1023,Lahore,Loamy,Yes,6.9,23.0,145,216.6
1024,Lahore,Loamy,Yes,7.19,5.21,84,584.1
1025,Lahore,Loamy,Yes,6.76,21.24,121,272.7
1026,Lahore,Loamy,Yes,6.88,24.77,26,333.1
1027,Lahore,Loamy,Yes,7.14,10.09,156,349.7
1028,Lahore,Loamy,Yes,7.5,34.25,54,197.5
1029,Lahore,Loamy,Yes,7.6,30.36,33,284.4
1030,Lahore,Loamy,Yes,7.37,21.49,32,419.9
1031,Lahore,Loamy,Yes,7.01,25.9,85,227.4
1032,Lahore,Loamy,Yes,6.86,22.71,188,141.2
1033,Lahore,Loamy,Yes,6.97,28.14,173,82.1
1034,Lahore,Loamy,Yes,7.34,5.72,54,619.6
1035,Lahore,Loamy,Yes,6.78,32.32,6,260.8
1036,Lahore,Loamy,Yes,6.82,15.82,83,407.8
1037,Lahore,Loamy,Yes,7.03,21.05,63,311.6
1038,Lahore,Loamy,Yes,6.75,10.78,70,517.8
1039,Lahore,Loamy,Yes,6.56,32.56,165,58.3
1040,Lahore,Loamy,Yes,6.9,11.98,90,421.4
1041,Lahore,Loamy,Yes,7.01,32.68,76,128.8
1042,Faisalabad,Clay,Yes,7.68,27.56,12,665.2
1043,Faisalabad,Clay,Yes,6.76,25.17,142,448.9
1044,Faisalabad,Clay,Yes,6.97,34.2,191,165.3
1045,Faisalabad,Clay,Yes,7.95,6.19,197,724.4
1046,Faisalabad,Clay,Yes,7.47,27.83,37,580.2
1047,Faisalabad,Clay,Yes,6.93,22.88,18,602.6
1048,Faisalabad,Clay,Yes,7.27,18.34,20,781.8
1049,Faisalabad,Clay,Yes,7.64,23.89,48,643.5
1050,Faisalabad,Clay,Yes,7.13,29.82,116,371.3
1051,Faisalabad,Clay,Yes,7.34,23.87,51,526.0
1052,Faisalabad,Clay,Yes,7.21,31.77,167,277.4
1053,Faisalabad,Clay,Yes,7.4,14.31,150,620.6
1054,Faisalabad,Clay,Yes,6.58,31.86,11,556.5
1055,Faisalabad,Clay,Yes,6.63,6.06,150,843.1
1056,Faisalabad,Clay,Yes,7.63,22.95,67,619.3
1057,Faisalabad,Clay,Yes,6.8,31.3,65,377.9
1058,Faisalabad,Clay,Yes,7.41,14.87,11,874.7
1059,Faisalabad,Clay,Yes,6.9,13.94,179,578.4
1060,Faisalabad,Clay,Yes,7.47,9.05,192,678.3
1061,Faisalabad,Clay,Yes,7.09,32.93,71,360.9
1062,Faisalabad,Clay,Yes,7.36,7.78,21,1057.4
1063,Faisalabad,Clay,Yes,7.22,6.58,9,972.2
1064,Faisalabad,Clay,Yes,6.94,11.44,152,674.7
1065,Faisalabad,Clay,Yes,7.28,5.17,199,785.7
1066,Faisalabad,Clay,Yes,7.26,21.17,178,446.4
1067,Faisalabad,Clay,Yes,7.44,16.96,166,618.6
1068,Faisalabad,Clay,Yes,7.12,13.96,97,717.8
1069,Faisalabad,Clay,Yes,7.75,12.14,132,750.8
1070,Faisalabad,Clay,Yes,7.75,10.87,95,797.9
1071,Faisalabad,Clay,Yes,7.24,33.06,63,376.9
1072,Faisalabad,Clay,Yes,7.32,6.17,158,840.7
1073,Faisalabad,Clay,Yes,7.14,33.58,97,296.4
1074,Faisalabad,Clay,Yes,7.74,8.3,167,814.7
1075,Faisalabad,Clay,Yes,6.68,27.22,5,600.7
1076,Faisalabad,Clay,Yes,7.81,27.04,21,615.0
1077,Faisalabad,Clay,Yes,7.12,29.23,99,412.8
1078,Faisalabad,Clay,Yes,7.47,29.24,139,356.7
1079,Faisalabad,Clay,Yes,7.1,21.18,79,569.9
1080,Faisalabad,Clay,Yes,7.09,13.24,0,744.6
1081,Faisalabad,Clay,Yes,6.68,18.49,185,503.2
1082,Faisalabad,Clay,Yes,7.47,24.33,56,548.5
1083,Faisalabad,Clay,Yes,7.47,15.27,142,646.9
1084,Gujranwala,Loamy,Yes,6.95,34.7,125,52.0
1085,Gujranwala,Loamy,Yes,7.74,17.71,142,342.3
1086,Gujranwala,Loamy,Yes,7.22,21.26,48,369.8
1087,Gujranwala,Loamy,Yes,7.43,29.21,96,204.3
1088,Gujranwala,Loamy,Yes,6.66,34.44,22,203.1
1089,Gujranwala,Loamy,Yes,6.87,22.09,160,182.3
1090,Gujranwala,Loamy,Yes,6.8,19.63,111,296.8
1091,Gujranwala,Loamy,Yes,6.83,24.39,184,134.3
1092,Gujranwala,Loamy,Yes,6.78,18.76,191,196.3
1093,Gujranwala,Loamy,Yes,6.53,16.22,180,307.2
1094,Gujranwala,Loamy,Yes,7.01,12.46,74,456.7
1095,Gujranwala,Loamy,Yes,7.21,11.71,114,387.1
1096,Gujranwala,Loamy,Yes,7.07,17.38,129,302.5
1097,Gujranwala,Loamy,Yes,6.6,15.34,40,470.9
1098,Gujranwala,Loamy,Yes,7.25,17.33,140,320.7
1099,Gujranwala,Loamy,Yes,8.02,16.02,97,509.9
1100,Gujranwala,Loamy,Yes,7.07,20.13,73,343.6
1101,Gujranwala,Loamy,Yes,7.03,7.23,46,543.0
1102,Gujranwala,Loamy,Yes,7.32,25.96,15,380.0
1103,Gujranwala,Loamy,Yes,6.87,33.83,113,82.0
1104,Gujranwala,Loamy,Yes,6.9,13.17,116,337.4
1105,Gujranwala,Loamy,Yes,7.14,29.62,22,307.1
1106,Gujranwala,Loamy,Yes,7.09,23.9,67,274.7
1107,Gujranwala,Loamy,Yes,7.09,19.36,180,212.4
1108,Gujranwala,Loamy,Yes,6.99,19.65,95,295.4
1109,Gujranwala,Loamy,Yes,7.08,15.7,191,241.7
1110,Gujranwala,Loamy,Yes,7.16,33.0,172,31.4
1111,Gujranwala,Loamy,Yes,6.79,23.21,64,315.6
1112,Gujranwala,Loamy,Yes,7.11,23.55,133,216.6
1113,Gujranwala,Loamy,Yes,7.08,22.49,45,363.2
1114,Gujranwala,Loamy,Yes,7.15,11.88,6,511.9
1115,Gujranwala,Loamy,Yes,7.57,13.31,172,336.0
1116,Gujranwala,Loamy,Yes,7.45,31.77,14,306.7
1117,Gujranwala,Loamy,Yes,6.81,32.33,87,136.5
1118,Gujranwala,Loamy,Yes,6.97,5.19,5,633.6
1119,Gujranwala,Loamy,Yes,7.27,12.5,75,393.6
1120,Gujranwala,Loamy,Yes,7.2,16.78,32,441.1
1121,Gujranwala,Loamy,Yes,6.59,13.76,24,536.5
1122,Gujranwala,Loamy,Yes,6.85,33.67,81,142.4
1123,Gujranwala,Loamy,Yes,7.27,27.01,176,107.3
1124,Gujranwala,Loamy,Yes,7.21,30.79,60,208.0
1125,Gujranwala,Loamy,Yes,7.86,12.37,174,368.9
1126,Sialkot,Loamy,Yes,7.17,18.5,103,342.4
1127,Sialkot,Loamy,Yes,6.69,26.89,191,91.4
1128,Sialkot,Loamy,Yes,6.86,28.78,44,248.0
1129,Sialkot,Loamy,Yes,7.57,30.13,32,244.6
1130,Sialkot,Loamy,Yes,6.9,15.66,58,423.9
1131,Sialkot,Loamy,Yes,7.15,7.52,109,519.6
1132,Sialkot,Loamy,Yes,6.93,22.94,190,134.2
1133,Sialkot,Loamy,Yes,6.68,25.11,50,325.8
1134,Sialkot,Loamy,Yes,7.31,9.67,129,411.0
1135,Sialkot,Loamy,Yes,7.28,31.26,82,191.3
1136,Sialkot,Loamy,Yes,6.75,16.69,10,478.9
1137,Sialkot,Loamy,Yes,6.79,6.73,186,401.2
1138,Sialkot,Loamy,Yes,6.68,15.25,165,323.2
1139,Sialkot,Loamy,Yes,6.4,18.47,171,289.6
1140,Sialkot,Loamy,Yes,6.45,29.01,15,338.7
1141,Sialkot,Loamy,Yes,7.43,12.42,177,305.8
1142,Sialkot,Loamy,Yes,6.6,9.58,12,633.9
1143,Sialkot,Loamy,Yes,6.45,21.29,163,246.3
1144,Sialkot,Loamy,Yes,6.59,16.5,83,369.1
1145,Sialkot,Loamy,Yes,7.46,14.17,68,466.6
1146,Sialkot,Loamy,Yes,6.53,23.91,80,305.4
1147,Sialkot,Loamy,Yes,6.64,28.47,111,181.0
1148,Sialkot,Loamy,Yes,7.36,27.41,184,100.6
1149,Sialkot,Loamy,Yes,7.09,13.54,67,458.1
1150,Sialkot,Loamy,Yes,6.96,20.28,162,197.5
1151,Sialkot,Loamy,Yes,6.54,16.49,9,511.4
1152,Sialkot,Loamy,Yes,7.23,6.71,197,350.9
1153,Sialkot,Loamy,Yes,6.25,30.01,27,326.0
1154,Sialkot,Loamy,Yes,7.06,12.2,146,354.1
1155,Sialkot,Loamy,Yes,6.92,24.74,41,302.8
1156,Sialkot,Loamy,Yes,7.1,22.7,30,323.8
1157,Sialkot,Loamy,Yes,7.27,11.05,92,451.0
1158,Sialkot,Loamy,Yes,7.78,26.53,159,195.1
1159,Sialkot,Loamy,Yes,7.23,31.58,65,203.2
1160,Sialkot,Loamy,Yes,6.93,12.78,34,546.4
1161,Sialkot,Loamy,Yes,7.13,7.12,117,518.0
1162,Sialkot,Loamy,Yes,6.86,22.13,130,231.5
1163,Sialkot,Loamy,Yes,7.34,28.9,71,242.0
1164,Sialkot,Loamy,Yes,7.48,31.2,98,184.2
1165,Sialkot,Loamy,Yes,6.77,11.58,58,529.0
1166,Sialkot,Loamy,Yes,7.1,19.14,139,272.7
1167,Sialkot,Loamy,Yes,6.91,18.05,86,332.5
1168,Sahiwal,Sandy,Yes,7.56,25.16,127,113.2
1169,Sahiwal,Sandy,Yes,7.3,30.58,114,62.7
1170,Sahiwal,Sandy,Yes,7.32,26.0,39,226.5
1171,Sahiwal,Sandy,Yes,7.24,23.55,186,29.8
1172,Sahiwal,Sandy,Yes,7.37,12.02,13,426.7
1173,Sahiwal,Sandy,Yes,7.68,32.33,0,212.3
1174,Sahiwal,Sandy,Yes,7.6,25.73,25,272.5
1175,Sahiwal,Sandy,Yes,6.94,15.37,6,384.5
1176,Sahiwal,Sandy,Yes,7.82,10.95,134,289.3
1177,Sahiwal,Sandy,Yes,7.2,31.15,84,76.8
1178,Sahiwal,Sandy,Yes,7.48,13.81,52,362.8
1179,Sahiwal,Sandy,Yes,7.24,19.38,196,62.1
1180,Sahiwal,Sandy,Yes,7.62,29.8,98,115.7
1181,Sahiwal,Sandy,Yes,7.19,20.49,151,107.5
1182,Sahiwal,Sandy,Yes,7.65,18.77,107,219.9
1183,Sahiwal,Sandy,Yes,7.0,21.6,149,74.8
1184,Sahiwal,Sandy,Yes,7.31,24.32,192,27.7
1185,Sahiwal,Sandy,Yes,7.16,22.08,28,235.2
1186,Sahiwal,Sandy,Yes,7.51,13.2,96,293.6
1187,Sahiwal,Sandy,Yes,7.42,34.15,108,34.7
1188,Sahiwal,Sandy,Yes,7.16,23.79,171,36.9
1189,Sahiwal,Sandy,Yes,7.18,29.28,21,156.4
1190,Sahiwal,Sandy,Yes,7.38,14.95,155,185.5
1191,Sahiwal,Sandy,Yes,7.17,12.74,134,207.9
1192,Sahiwal,Sandy,Yes,7.36,12.07,109,257.9
1193,Sahiwal,Sandy,Yes,7.53,32.72,63,121.8
1194,Sahiwal,Sandy,Yes,7.8,27.16,11,254.9
1195,Sahiwal,Sandy,Yes,7.75,28.78,87,160.3
1196,Sahiwal,Sandy,Yes,7.47,10.6,57,400.8
1197,Sahiwal,Sandy,Yes,7.83,29.07,142,92.8
1198,Sahiwal,Sandy,Yes,7.23,28.34,91,99.0
1199,Sahiwal,Sandy,Yes,6.75,20.34,60,233.6
1200,Sahiwal,Sandy,Yes,7.71,28.86,81,147.2
1201,Sahiwal,Sandy,Yes,7.37,17.05,87,231.4
1202,Sahiwal,Sandy,Yes,7.67,11.07,7,434.4
1203,Sahiwal,Sandy,Yes,7.77,12.16,34,435.5
1204,Sahiwal,Sandy,Yes,7.67,12.62,108,298.9
1205,Sahiwal,Sandy,Yes,7.71,19.01,75,261.3
1206,Sahiwal,Sandy,Yes,7.55,11.03,83,380.5
1207,Sahiwal,Sandy,Yes,8.14,9.27,82,415.8
1208,Sahiwal,Sandy,Yes,7.05,7.76,58,396.2
1209,Sahiwal,Sandy,Yes,7.22,29.09,43,181.2
1210,Rawalpindi,Loamy,No,6.69,26.67,40,377.2
1211,Rawalpindi,Loamy,No,7.16,13.48,69,514.0
1212,Rawalpindi,Loamy,No,6.67,21.68,0,496.3
1213,Rawalpindi,Loamy,No,6.08,15.52,193,397.6
1214,Rawalpindi,Loamy,No,6.68,23.92,3,491.7
1215,Rawalpindi,Loamy,No,6.62,16.45,163,340.9
1216,Rawalpindi,Loamy,No,6.35,8.6,100,534.3
1217,Rawalpindi,Loamy,No,6.42,31.58,102,242.1
1218,Rawalpindi,Loamy,No,6.71,31.63,29,303.5
1219,Rawalpindi,Loamy,No,6.48,20.45,190,265.7
1220,Rawalpindi,Loamy,No,6.46,6.12,119,620.1
1221,Rawalpindi,Loamy,No,6.07,23.11,196,269.5
1222,Rawalpindi,Loamy,No,6.45,30.44,31,332.0
1223,Rawalpindi,Loamy,No,6.56,28.09,25,379.9
1224,Rawalpindi,Loamy,No,6.68,28.0,151,188.5
1225,Rawalpindi,Loamy,No,6.88,9.53,88,540.4
1226,Rawalpindi,Loamy,No,6.86,10.8,29,531.8
1227,Rawalpindi,Loamy,No,6.9,14.08,73,495.6
1228,Rawalpindi,Loamy,No,6.34,5.7,126,601.3
1229,Rawalpindi,Loamy,No,6.36,13.6,138,454.6
1230,Rawalpindi,Loamy,No,6.61,11.62,167,468.5
1231,Rawalpindi,Loamy,No,6.83,9.6,186,392.4
1232,Rawalpindi,Loamy,No,6.6,18.03,114,443.8
1233,Rawalpindi,Loamy,No,6.85,25.87,17,448.6
1234,Rawalpindi,Loamy,No,7.13,18.15,194,259.9
1235,Rawalpindi,Loamy,No,5.93,31.76,84,308.6
1236,Rawalpindi,Loamy,No,7.33,30.68,41,324.9
1237,Rawalpindi,Loamy,No,6.67,15.99,67,526.5
1238,Rawalpindi,Loamy,No,5.88,34.22,3,397.3
1239,Rawalpindi,Loamy,No,6.59,22.61,1,477.3
1240,Rawalpindi,Loamy,No,6.35,8.73,25,668.8
1241,Rawalpindi,Loamy,No,6.28,28.2,80,323.4
1242,Rawalpindi,Loamy,No,6.71,28.65,71,282.4
1243,Rawalpindi,Loamy,No,6.76,26.39,119,263.7
1244,Rawalpindi,Loamy,No,6.17,6.95,163,518.0
1245,Rawalpindi,Loamy,No,5.99,8.74,57,700.2
1246,Rawalpindi,Loamy,No,6.33,6.56,76,682.7
1247,Rawalpindi,Loamy,No,7.04,21.68,94,325.0
1248,Rawalpindi,Loamy,No,6.47,17.58,14,546.0
1249,Rawalpindi,Loamy,No,6.87,13.77,181,367.7
1250,Rawalpindi,Loamy,No,6.08,23.64,134,346.4
1251,Rawalpindi,Loamy,No,6.54,17.95,4,593.8
1252,Islamabad,Loamy,No,6.07,8.61,163,516.4
1253,Islamabad,Loamy,No,6.77,17.87,161,364.2
1254,Islamabad,Loamy,No,6.24,20.41,21,512.0
1255,Islamabad,Loamy,No,6.65,29.34,176,146.6
1256,Islamabad,Loamy,No,6.45,32.09,168,127.0
1257,Islamabad,Loamy,No,7.1,12.98,53,574.0
1258,Islamabad,Loamy,No,6.29,24.9,140,295.0
1259,Islamabad,Loamy,No,6.87,25.34,153,231.6
1260,Islamabad,Loamy,No,6.66,19.48,53,460.9
1261,Islamabad,Loamy,No,7.13,28.94,63,280.0
1262,Islamabad,Loamy,No,6.53,22.76,145,289.3
1263,Islamabad,Loamy,No,6.77,28.22,172,151.3
1264,Islamabad,Loamy,No,6.77,21.62,171,274.7
1265,Islamabad,Loamy,No,6.74,28.76,154,164.3
1266,Islamabad,Loamy,No,6.36,32.98,154,140.5
1267,Islamabad,Loamy,No,6.48,29.32,171,155.4
1268,Islamabad,Loamy,No,6.17,11.58,4,697.4
1269,Islamabad,Loamy,No,6.87,18.3,176,309.3
1270,Islamabad,Loamy,No,6.38,23.34,105,350.3
1271,Islamabad,Loamy,No,6.99,16.19,121,425.6
1272,Islamabad,Loamy,No,6.43,24.0,119,316.3
1273,Islamabad,Loamy,No,6.27,14.65,196,372.4
1274,Islamabad,Loamy,No,6.7,11.12,45,579.7
1275,Islamabad,Loamy,No,6.81,20.83,172,249.5
1276,Islamabad,Loamy,No,6.76,11.22,52,634.3
1277,Islamabad,Loamy,No,6.65,8.43,199,400.1
1278,Islamabad,Loamy,No,6.24,9.95,108,564.1
1279,Islamabad,Loamy,No,6.37,16.98,113,459.3
1280,Islamabad,Loamy,No,6.96,14.74,74,504.2
1281,Islamabad,Loamy,No,6.65,32.27,112,185.9
1282,Islamabad,Loamy,No,6.37,30.28,136,214.2
1283,Islamabad,Loamy,No,7.11,9.8,169,469.6
1284,Islamabad,Loamy,No,7.33,10.1,125,522.5
1285,Islamabad,Loamy,No,6.77,5.83,24,667.2
1286,Islamabad,Loamy,No,6.34,31.12,1,360.0
1287,Islamabad,Loamy,No,6.32,16.39,59,534.7
1288,Islamabad,Loamy,No,6.47,15.25,52,505.0
1289,Islamabad,Loamy,No,6.01,34.16,49,319.4
1290,Islamabad,Loamy,No,6.15,13.27,134,512.4
1291,Islamabad,Loamy,No,6.51,17.01,32,528.6
1292,Islamabad,Loamy,No,6.42,13.74,138,472.1
1293,Islamabad,Loamy,No,6.36,8.81,192,471.1
1294,Peshawar,Silty,Yes,7.41,18.71,165,287.4
1295,Peshawar,Silty,Yes,7.53,20.68,15,512.5
1296,Peshawar,Silty,Yes,7.41,20.93,78,423.6
1297,Peshawar,Silty,Yes,6.44,16.09,83,477.1
1298,Peshawar,Silty,Yes,6.56,18.81,9,523.1
1299,Peshawar,Silty,Yes,6.88,31.54,85,197.9
1300,Peshawar,Silty,Yes,7.33,29.17,142,195.7
1301,Peshawar,Silty,Yes,7.48,10.72,27,731.5
1302,Peshawar,Silty,Yes,7.52,6.12,167,596.1
1303,Peshawar,Silty,Yes,7.54,7.21,171,450.2
1304,Peshawar,Silty,Yes,6.92,21.0,187,192.6
1305,Peshawar,Silty,Yes,7.02,17.89,162,316.1
1306,Peshawar,Silty,Yes,7.36,30.91,156,154.4
1307,Peshawar,Silty,Yes,7.04,28.2,154,155.9
1308,Peshawar,Silty,Yes,6.95,5.27,145,571.2
1309,Peshawar,Silty,Yes,7.31,6.47,71,604.6
1310,Peshawar,Silty,Yes,6.68,14.51,29,597.4
1311,Peshawar,Silty,Yes,7.09,24.16,103,313.8
1312,Peshawar,Silty,Yes,6.82,23.65,39,419.4
1313,Peshawar,Silty,Yes,7.4,25.2,198,199.1
1314,Peshawar,Silty,Yes,6.78,32.67,19,295.4
1315,Peshawar,Silty,Yes,7.44,13.3,144,452.6
1316,Peshawar,Silty,Yes,7.48,9.52,140,557.2
1317,Peshawar,Silty,Yes,6.94,33.82,190,30.3
1318,Peshawar,Silty,Yes,7.09,33.15,23,273.8
1319,Peshawar,Silty,Yes,6.92,17.24,112,409.2
1320,Peshawar,Silty,Yes,6.52,7.89,1,676.5
1321,Peshawar,Silty,Yes,6.76,22.36,191,202.8
1322,Peshawar,Silty,Yes,6.91,31.1,165,105.0
1323,Peshawar,Silty,Yes,7.12,7.68,189,433.5
1324,Peshawar,Silty,Yes,7.23,19.12,102,366.6
1325,Peshawar,Silty,Yes,6.79,13.47,123,427.9
1326,Peshawar,Silty,Yes,7.64,21.1,133,330.1
1327,Peshawar,Silty,Yes,7.01,21.39,122,326.2
1328,Peshawar,Silty,Yes,6.22,12.38,107,591.9
1329,Peshawar,Silty,Yes,7.27,31.59,160,115.8
1330,Peshawar,Silty,Yes,6.77,6.01,40,725.7
1331,Peshawar,Silty,Yes,6.64,8.01,199,460.9
1332,Peshawar,Silty,Yes,6.81,20.35,139,323.3
1333,Peshawar,Silty,Yes,6.62,20.45,13,515.2
1334,Peshawar,Silty,Yes,7.06,6.26,114,578.6
1335,Peshawar,Silty,Yes,7.16,9.47,13,717.5
1336,Quetta,Sandy,No,7.58,30.1,103,162.3
1337,Quetta,Sandy,No,8.18,11.44,102,405.0
1338,Quetta,Sandy,No,7.46,29.03,139,113.6
1339,Quetta,Sandy,No,7.69,14.28,187,210.6
1340,Quetta,Sandy,No,7.95,28.0,158,143.7
1341,Quetta,Sandy,No,8.1,15.04,165,280.6
1342,Quetta,Sandy,No,7.83,10.11,120,424.1
1343,Quetta,Sandy,No,8.32,6.99,49,592.9
1344,Quetta,Sandy,No,8.2,11.98,179,315.3
1345,Quetta,Sandy,No,7.56,9.14,44,517.8
1346,Quetta,Sandy,No,7.64,15.38,173,258.2
1347,Quetta,Sandy,No,7.78,14.32,120,340.8
1348,Quetta,Sandy,No,8.12,13.65,25,495.1
1349,Quetta,Sandy,No,8.08,33.34,123,159.5
1350,Quetta,Sandy,No,7.52,13.63,123,319.8
1351,Quetta,Sandy,No,7.62,18.61,56,375.7
1352,Quetta,Sandy,No,8.01,32.57,195,41.0
1353,Quetta,Sandy,No,7.66,13.29,131,316.8
1354,Quetta,Sandy,No,8.19,25.21,135,230.9
1355,Quetta,Sandy,No,7.92,17.26,76,383.4
1356,Quetta,Sandy,No,7.45,15.17,116,291.0
1357,Quetta,Sandy,No,7.69,23.26,77,261.9
1358,Quetta,Sandy,No,7.83,14.75,144,326.0
1359,Quetta,Sandy,No,7.15,9.83,197,242.3
1360,Quetta,Sandy,No,7.66,22.57,186,127.3
1361,Quetta,Sandy,No,7.57,26.2,190,81.4
1362,Quetta,Sandy,No,8.06,5.04,135,427.7
1363,Quetta,Sandy,No,7.68,30.43,119,151.1
1364,Quetta,Sandy,No,7.71,24.85,75,269.9
1365,Quetta,Sandy,No,7.31,5.58,19,532.3
1366,Quetta,Sandy,No,7.49,13.93,118,318.0
1367,Quetta,Sandy,No,7.73,17.37,155,218.0
1368,Quetta,Sandy,No,7.25,34.58,34,172.9
1369,Quetta,Sandy,No,8.26,15.49,148,350.5
1370,Quetta,Sandy,No,7.75,14.69,22,506.3
1371,Quetta,Sandy,No,7.47,24.37,155,133.2
1372,Quetta,Sandy,No,7.96,25.41,124,226.9
1373,Quetta,Sandy,No,7.8,26.26,60,279.3
1374,Quetta,Sandy,No,7.62,21.33,2,368.1
1375,Quetta,Sandy,No,8.09,11.74,49,515.7
1376,Quetta,Sandy,No,7.69,33.8,78,155.0
1377,Quetta,Sandy,No,7.82,9.53,22,473.4
1378,Karachi,Sandy,No,7.48,25.96,45,302.3
1379,Karachi,Sandy,No,8.12,22.39,24,399.0
1380,Karachi,Sandy,No,7.59,6.99,112,401.1
1381,Karachi,Sandy,No,7.82,7.18,22,539.8
1382,Karachi,Sandy,No,7.47,14.43,87,343.8
1383,Karachi,Sandy,No,7.78,9.43,188,284.4
1384,Karachi,Sandy,No,7.69,27.59,157,109.4
1385,Karachi,Sandy,No,8.13,20.98,33,418.7
1386,Karachi,Sandy,No,7.58,29.89,48,274.0
1387,Karachi,Sandy,No,7.36,7.83,164,281.2
1388,Karachi,Sandy,No,7.71,26.35,180,112.6
1389,Karachi,Sandy,No,7.25,25.47,79,232.5
1390,Karachi,Sandy,No,8.5,13.79,132,403.6
1391,Karachi,Sandy,No,8.5,13.67,149,366.8
1392,Karachi,Sandy,No,7.88,20.95,1,402.5
1393,Karachi,Sandy,No,7.99,7.37,169,387.4
1394,Karachi,Sandy,No,8.07,25.46,100,266.1
1395,Karachi,Sandy,No,7.7,18.07,71,375.8
1396,Karachi,Sandy,No,8.04,20.19,101,313.1
1397,Karachi,Sandy,No,7.37,11.93,189,209.1
1398,Karachi,Sandy,No,7.85,22.93,167,194.9
1399,Karachi,Sandy,No,7.4,19.32,92,266.5
1400,Karachi,Sandy,No,8.05,20.84,34,422.8
1401,Karachi,Sandy,No,8.47,31.97,60,285.5
1402,Karachi,Sandy,No,8.09,11.7,30,516.0
1403,Karachi,Sandy,No,7.93,24.37,143,194.9
1404,Karachi,Sandy,No,8.28,23.23,123,306.8
1405,Karachi,Sandy,No,8.03,19.01,122,295.4
1406,Karachi,Sandy,No,7.68,32.57,143,84.1
1407,Karachi,Sandy,No,8.26,30.4,193,93.5
1408,Karachi,Sandy,No,7.29,20.43,178,140.8
1409,Karachi,Sandy,No,7.85,19.61,159,231.8
1410,Karachi,Sandy,No,7.4,13.38,96,329.0
1411,Karachi,Sandy,No,8.17,25.02,186,148.5
1412,Karachi,Sandy,No,7.79,10.48,47,522.6
1413,Karachi,Sandy,No,8.0,8.21,99,469.7
1414,Karachi,Sandy,No,8.14,30.18,182,105.5
1415,Karachi,Sandy,No,8.5,7.2,132,451.0
1416,Karachi,Sandy,No,7.38,12.59,141,285.6
1417,Karachi,Sandy,No,7.66,16.31,152,235.3
1418,Karachi,Sandy,No,8.1,6.51,110,435.6
1419,Karachi,Sandy,No,7.08,15.42,107,275.1
1420,Hyderabad,Clay,Yes,7.44,17.49,28,740.9
1421,Hyderabad,Clay,Yes,6.82,6.97,25,966.1
1422,Hyderabad,Clay,Yes,7.92,29.01,97,440.7
1423,Hyderabad,Clay,Yes,7.54,32.16,10,485.8
1424,Hyderabad,Clay,Yes,7.18,33.23,81,351.9
1425,Hyderabad,Clay,Yes,6.97,15.08,2,860.5
1426,Hyderabad,Clay,Yes,7.36,12.45,71,824.6
1427,Hyderabad,Clay,Yes,7.3,13.43,194,562.6
1428,Hyderabad,Clay,Yes,7.37,30.18,7,550.5
1429,Hyderabad,Clay,Yes,7.88,11.51,32,925.4
1430,Hyderabad,Clay,Yes,7.71,34.22,31,476.5
1431,Hyderabad,Clay,Yes,7.39,23.42,17,648.0
1432,Hyderabad,Clay,Yes,7.83,7.59,138,693.3
1433,Hyderabad,Clay,Yes,6.69,34.39,170,216.1
1434,Hyderabad,Clay,Yes,7.47,14.49,3,877.3
1435,Hyderabad,Clay,Yes,7.02,9.74,187,739.2
1436,Hyderabad,Clay,Yes,7.54,22.97,146,484.6
1437,Hyderabad,Clay,Yes,7.79,21.6,86,672.6
1438,Hyderabad,Clay,Yes,7.38,13.47,156,667.6
1439,Hyderabad,Clay,Yes,7.61,6.5,166,839.2
1440,Hyderabad,Clay,Yes,7.49,16.71,70,743.3
1441,Hyderabad,Clay,Yes,7.1,9.04,198,675.7
1442,Hyderabad,Clay,Yes,8.5,14.04,8,968.0
1443,Hyderabad,Clay,Yes,7.84,33.54,196,250.7
1444,Hyderabad,Clay,Yes,7.1,32.68,97,349.7
1445,Hyderabad,Clay,Yes,6.8,14.21,112,622.9
1446,Hyderabad,Clay,Yes,7.64,33.38,136,315.9
1447,Hyderabad,Clay,Yes,7.59,19.23,4,793.6
1448,Hyderabad,Clay,Yes,8.5,27.09,173,492.4
1449,Hyderabad,Clay,Yes,7.25,7.75,174,743.9
1450,Hyderabad,Clay,Yes,7.41,7.05,21,1031.9
1451,Hyderabad,Clay,Yes,7.18,29.57,48,401.3
1452,Hyderabad,Clay,Yes,8.36,17.45,24,902.1
1453,Hyderabad,Clay,Yes,7.17,14.52,80,714.8
1454,Hyderabad,Clay,Yes,7.66,32.96,57,435.5
1455,Hyderabad,Clay,Yes,8.21,30.99,67,508.8
1456,Hyderabad,Clay,Yes,6.93,11.46,6,918.4
1457,Hyderabad,Clay,Yes,7.23,27.42,103,416.6
1458,Hyderabad,Clay,Yes,7.24,11.39,115,785.3
1459,Hyderabad,Clay,Yes,7.82,16.46,56,737.7
1460,Hyderabad,Clay,Yes,7.25,26.75,77,507.1
1461,Hyderabad,Clay,Yes,7.58,23.28,19,641.1
1462,Larkana,Peaty,Yes,6.59,26.48,39,531.8
1463,Larkana,Peaty,Yes,7.36,5.47,143,840.8
1464,Larkana,Peaty,Yes,7.23,13.46,92,656.9
1465,Larkana,Peaty,Yes,7.59,31.2,186,336.9
1466,Larkana,Peaty,Yes,7.27,28.42,178,378.4
1467,Larkana,Peaty,Yes,7.42,22.31,39,663.3
1468,Larkana,Peaty,Yes,7.81,24.61,1,779.1
1469,Larkana,Peaty,Yes,7.23,29.06,30,582.2
1470,Larkana,Peaty,Yes,7.09,21.71,129,547.3
1471,Larkana,Peaty,Yes,7.82,19.23,11,780.3
1472,Larkana,Peaty,Yes,7.49,14.86,163,646.2
1473,Larkana,Peaty,Yes,7.78,24.67,40,715.4
1474,Larkana,Peaty,Yes,7.22,33.04,3,559.1
1475,Larkana,Peaty,Yes,7.11,17.95,102,662.1
1476,Larkana,Peaty,Yes,6.64,31.46,90,449.5
1477,Larkana,Peaty,Yes,7.38,8.38,133,741.9
1478,Larkana,Peaty,Yes,7.22,11.47,113,737.9
1479,Larkana,Peaty,Yes,6.91,18.44,122,529.8
1480,Larkana,Peaty,Yes,7.0,12.75,28,779.3
1481,Larkana,Peaty,Yes,7.52,32.25,193,305.3
1482,Larkana,Peaty,Yes,7.41,7.24,163,756.6
1483,Larkana,Peaty,Yes,7.27,34.61,92,406.2
1484,Larkana,Peaty,Yes,6.59,29.56,112,468.1
1485,Larkana,Peaty,Yes,6.34,27.6,14,649.9
1486,Larkana,Peaty,Yes,7.08,11.51,6,908.3
1487,Larkana,Peaty,Yes,7.54,11.39,22,920.4
1488,Larkana,Peaty,Yes,7.16,15.52,89,717.4
1489,Larkana,Peaty,Yes,7.77,8.38,193,673.8
1490,Larkana,Peaty,Yes,7.25,7.65,31,871.9
1491,Larkana,Peaty,Yes,7.19,7.63,93,804.7
1492,Larkana,Peaty,Yes,6.84,28.03,15,604.8
1493,Larkana,Peaty,Yes,7.76,23.42,0,767.1
1494,Larkana,Peaty,Yes,7.33,33.78,73,397.7
1495,Larkana,Peaty,Yes,7.06,34.18,76,409.9
1496,Larkana,Peaty,Yes,7.11,8.43,16,911.8
1497,Larkana,Peaty,Yes,7.36,9.37,120,818.3
1498,Larkana,Peaty,Yes,7.03,34.63,47,417.9
1499,Larkana,Peaty,Yes,6.63,19.63,198,539.3
1500,Larkana,Peaty,Yes,7.03,26.12,92,533.4
1501,Larkana,Peaty,Yes,7.42,12.01,162,636.0
1502,Larkana,Peaty,Yes,7.1,30.89,33,503.8
1503,Larkana,Peaty,Yes,7.55,26.81,189,418.1
